afrikaans,english
"Die wintersee bruis raserig teen die klipperige kuslyn van Kaapstad.", "The winter sea roars noisily against the rocky coastline of Kaapstad."
"Johan, Marlé en Ruan stap langs die promenade.", "Johan, Marlé, and Ruan walk along the promenade."
"Die koue lug byt aan hul neuse, maar hul gemoed is warm.", "The cold air nips at their noses, but their spirits are warm."
"Johan kyk na die horison.", "Johan looks at the horizon."
"Sy kop is vol vrae oor sy toekoms.", "His mind is full of questions about his future."
"Marlé stap stadig langs hom, haar gedagtes diep.", "Marlé walks slowly beside him, her thoughts deep."
"Sy is sy anker, altyd kalm en rasioneel.", "She is his anchor, always calm and rational."
"Agter hulle werk Ruan se kamera onverpoos.", "Behind them, Ruan's camera works tirelessly."
"Elke klik is 'n poging om 'n oomblik vir ewig vas te vang.", "Every click is an attempt to capture a moment forever."
"Ek dink ons moet 'n padtrip neem, sê Johan skielik.", "I think we should take a road trip, Johan says suddenly."
"Ek wil uit hierdie sleur breek.", "I want to break out of this rut."
"Marlé kyk fronsend na hom.", "Marlé looks at him with a frown."
"Is jy seker?", "Are you sure?"
"Dis winter en die pad kan gevaarlik wees.", "It's winter, and the road can be dangerous."
"Ek moet net wegkom, antwoord Johan haastig.", "I just need to get away, Johan answers hastily."
"Ek moet lig vind in al hierdie donkerte.", "I need to find light in all this darkness."
"Ruan glimlag en knik.", "Ruan smiles and nods."
"Kom ons doen dit.", "Let's do it."
"Ek het alreeds 'n lys plekke wat ek wil afneem.", "I've already got a list of places I want to photograph."
"En so begin hul spontane avontuur, op Jeugdag, op soek na nuwe perspektiewe.", "And so their spontaneous adventure begins, on Jeugdag, in search of new perspectives."
"Die pad kronkel langs die kus, berge aan die een kant en eindelose oseaan aan die ander.", "The road winds along the coast, mountains on one side and endless ocean on the other."
"Johan se kop is vol gedagtes.", "Johan's mind is full of thoughts."
"Twyfel trek swaar aan sy hart.", "Doubt weighs heavily on his heart."
"Wat wil hy nou eintlik met sy lewe doen?", "What does he really want to do with his life?"
"Hy voel vasgekeer, soos 'n skip vas tussen rotse.", "He feels trapped, like a ship caught between rocks."
"Die son begin sak terwyl hulle die promenade in stil skaduwees betree.", "The sun begins to set as they enter the promenade in quiet shadows."
"Ruan het stil geword, besig om die lig vas te vang.", "Ruan has become silent, busy capturing the light."
"Wanneer die laaste strale die water verlig, stop Johan en kyk in stilte.", "When the last rays illuminate the water, Johan stops and looks in silence."
"Marlé neem sy hand.", "Marlé takes his hand."
"Geen woorde is nodig nie.", "No words are needed."
"Die oseaan se krag en die lug se kalmte inspireer hom.", "The ocean's power and the sky's calm inspire him."
"Skielik is alles duidelik.", "Suddenly, everything is clear."
"Dit is nie oor watter pad hy kies nie, maar oor die reis self.", "It's not about which path he chooses, but about the journey itself."
"Ek verstaan nou, fluister Johan.", "I understand now, Johan whispers."
"Om vasgevang te wees in vrees sal my nêrens bring nie.", "Being trapped in fear will lead me nowhere."
"Ek moet die avontuur omarm.", "I must embrace the adventure."
"Met die koel wind in sy hare, voel hy 'n verligting wat hy lanklaas ervaar het.", "With the cool wind in his hair, he feels a relief he hasn't experienced in a long time."
"Die antwoord lê nie in groot planne nie, maar in die klein dinge wat die lewe kosbaar maak.", "The answer doesn't lie in grand plans but in the small things that make life precious."
"Soos hulle terugry huis toe, weet Johan dat hy sy koers gevind het.", "As they drive back home, Johan knows he has found his direction."
"Hy is gelaai met nuwe energie en vooruitsigte, gewapen met die wete dat elke oomblik 'n geleentheid is om te groei.", "He is filled with new energy and perspectives, armed with the knowledge that every moment is an opportunity to grow."
"Hy is nie meer bang nie.", "He is no longer afraid."
"Terug in die stad, dank hy sy vriende.", "Back in the city, he thanks his friends."
"Hierdie spontane reis was net wat hy nodig gehad het.", "This spontaneous trip was just what he needed."
"Johan stap in sy toekoms in, moedig en onbeskaamd, gereed om die onbekende te omhels.", "Johan steps into his future, brave and unabashed, ready to embrace the unknown."